{"rewards": [127.12204724409509, -1.6692913385826955, 81.63149606299467, 127.12362204724522, 157.44015748031472, 143.14881889763734, 102.67716535433252, 157.77480314960738, 138.93622047244128, 114.65905511811218, 154.76299212598542, 167.77480314960738, 92.39763779527485, 76.36850393700777, 87.98818897637898, 104.80078740157388, 166.93464566929154, 127.27795275590502, 88.66299212598369, 204.24645669291704, 231.61496062992336, 116.65039370078992, 112.04803149606364, 132.06614173228158, 115.08425196850358, 156.91181102362174, 157.66929133858426, 203.15275590550945, 131.52362204724164, 105.99133858267628, 58.830708661417674, 86.63149606299467, 209.2283464566943, 158.41181102362086, 54.604724409449226, 178.38031496063013, 166.7425196850395, 167.50866141732283, 126.44724409448906, 106.76850393700923, 75.87480314960632, 56.63149606299419, 117.25196850393695, 88.43700787401673, 102.33858267716693, 60.773228346456804, 173.20866141732563, 74.16141732283486, 137.64330708661427, 72.06299212598324, 69.98976377952798, 193.0385826771639, 122.36377952755961, 202.56771653543234, 147.74724409449078, 171.6732283464575, 122.52834645669296, 163.7755905511802, 85.84645669291356, 157.82519685039327, 105.33858267716519, 220.11496062992055, 216.63307086614148, 110.30078740157353, 137.2740157480312, 134.5929133858286, 96.2661417322844, 55.50157480314973, 212.7692913385814, 176.90551181102424, 180.73385826771784, 91.64015748031451, 94.11496062992165, 94.3118110236226, 59.59842519685152, 57.18267716535525, 111.8771653543329, 203.75039370078795, 125.91811023622104, 118.96141732283638, 143.14881889763686, 169.442519685039, 132.98031496063192, 115.12992125984087, 136.80551181102305, 176.20472440944914, 38.43464566929281, 147.8102362204749, 172.72283464567084, 202.29055118110495, 131.724409448823, 141.16141732283506, 124.41181102362157, 106.79291338582807, 172.77716535432933, 157.0834645669288, 192.81259842519768, 203.95511811023408, 151.38897637795225, 177.13385826771568], "episode_lengths": [500, 308, 500, 500, 500, 500, 500, 500, 142, 500, 500, 500, 500, 500, 438, 500, 500, 500, 189, 500, 500, 500, 500, 500, 500, 500, 500, 500, 500, 500, 242, 500, 500, 500, 119, 500, 500, 500, 500, 326, 232, 500, 500, 135, 500, 106, 500, 127, 500, 500, 287, 500, 500, 500, 500, 500, 500, 500, 107, 500, 500, 500, 500, 500, 500, 500, 500, 500, 500, 500, 500, 493, 414, 337, 293, 205, 500, 500, 500, 302, 500, 500, 500, 473, 500, 500, 306, 500, 500, 500, 500, 500, 500, 500, 500, 500, 500, 500, 500, 500], "win_rates": [0, 0, 0, 0, 0, 0, 0, 0, 0, 0, 0, 0, 0, 0, 0, 0, 0, 0, 0, 0, 0, 0, 0, 0, 0, 0, 0, 0, 0, 0, 0, 0, 0, 0, 0, 0, 0, 0, 0, 0, 0, 0, 0, 0, 0, 0, 0, 0, 0, 0, 0, 0, 0, 0, 0, 0, 0, 0, 0, 0, 0, 0, 0, 0, 0, 0, 0, 0, 0, 0, 0, 0, 0, 0, 0, 0, 0, 0, 0, 0, 0, 0, 0, 0, 0, 0, 0, 0, 0, 0, 0, 0, 0, 0, 0, 0, 0, 0, 0, 0], "ghost_captures": [0, 0, 0, 0, 0, 0, 0, 0, 0, 0, 0, 0, 0, 0, 0, 0, 0, 0, 0, 0, 0, 0, 0, 0, 0, 0, 0, 0, 0, 0, 0, 0, 0, 0, 0, 0, 0, 0, 0, 0, 0, 0, 0, 0, 0, 0, 0, 0, 0, 0, 0, 0, 0, 0, 0, 0, 0, 0, 0, 0, 0, 0, 0, 0, 0, 0, 0, 0, 0, 0, 0, 0, 0, 0, 0, 0, 0, 0, 0, 0, 0, 0, 0, 0, 0, 0, 0, 0, 0, 0, 0, 0, 0, 0, 0, 0, 0, 0, 0, 0], "power_pellets": [0, 0, 0, 0, 0, 0, 0, 0, 0, 0, 0, 0, 0, 0, 0, 0, 0, 0, 0, 0, 0, 0, 0, 0, 0, 0, 0, 0, 0, 0, 0, 0, 0, 0, 0, 0, 0, 0, 0, 0, 0, 0, 0, 0, 0, 0, 0, 0, 0, 0, 0, 0, 0, 0, 0, 0, 0, 0, 0, 0, 0, 0, 0, 0, 0, 0, 0, 0, 0, 0, 0, 0, 0, 0, 0, 0, 0, 0, 0, 0, 0, 0, 0, 0, 0, 0, 0, 0, 0, 0, 0, 0, 0, 0, 0, 0, 0, 0, 0, 0]}